File1,File2,Hungarian_Distance
L1,L2,12.015518224746105
L1,L3,37.241559178800216
L2,L3,45.37953101279771
